id,name,open_slots,primary_gain,secondary_gain,who_gathers,notes
yard,the Drill Yard,morning;afternoon,vigor +3,stamina gear quests,Fire and Earth,Staff drills under the Vigil's eye. The only place to practise the roll without magic.
well,the Well of Quiet,morning;evening,focus +3,lesson +1 when a bond teaches here,Water and Earth elders,A dry well whose stones hum when the Wardstones drink. Old Quill sleeps here. The four mains meet here at night.
pit,the Pit,afternoon;evening,nerve +3,Pit practice; wagers,Fire; anyone who wants a fight,Unarmed sparring. Magic is impossible; stamina is everything. The Tent Trial is fought here.
market,the Scrap Market,morning;afternoon,guile +2 and trade,one secret per visit at guile >= 2,Water and Air,Barter of what the Lanista lets through the Door.
commons,the Commons Fire,afternoon;evening,trust +6 with one person met,cross-tent equal rank trust +9 instead,everyone; Strays at the edge,The only place the tents mix. Archetype (c) lives here.
granary,the Granary,morning;afternoon,gold +4 and tent stores +2,vigor +1,Earth and Strays (paid half),Bread is the camp's real currency.
ditch,the Ditch,evening,trust +8 with a Stray met,one rumour the tents never hear,Strays,Where the tentless sleep. A visit seen by your elder costs 1 trust.
door,the Door,morning;evening,scout (guile reveal); sign the Games board,Lanista deals,entrants and schemers,The grille in the great door. The arena is on the other side.
tent,your Tent,morning;afternoon;evening,trust +4 with tent-mates present; study with the elder,rest: fatigue -2,your tent,Home. The elder hands out tent quests here.
