from,to,trust,debt,feud,note
brennic,cassia,15,0,0,shared the betrayal at the ford
brennic,garran,20,0,0,Garran's wall saved him at the ford
brennic,iskar,5,0,0,they argued on the march
brennic,corvo,-15,0,0,same rank; one slot
brennic,sadruba,10,0,0,she likes his scars
sadruba,brennic,10,0,0,
sadruba,corvo,15,0,0,he won her a Games once
cassia,brennic,15,0,0,
cassia,garran,25,0,0,
cassia,iskar,10,0,0,
cassia,nysa,-10,0,0,same rank; one slot
cassia,ophel,20,0,0,
garran,brennic,20,0,0,
garran,cassia,25,0,0,
garran,iskar,15,0,0,
garran,senna,-5,0,0,same rank; one slot
garran,ruadh,25,0,0,
iskar,brennic,0,0,0,thinks Fire will bow to Rome
iskar,cassia,10,0,0,
iskar,garran,20,0,0,
iskar,lio,-10,0,0,same rank; one slot
iskar,kesh,-5,0,0,
corvo,brennic,-20,0,0,
nysa,cassia,-10,0,0,
senna,garran,-5,0,0,
lio,iskar,-5,1,0,Lio owes Iskar a coin
fenna,kesh,-40,0,0,Kesh threw her out of the Gale Tent
fenna,pell,20,1,0,Pell fed her once; she owes him
pell,fenna,30,0,0,
doros,garran,10,0,0,Garran carried his sack at the granary once
dace,sadruba,-35,0,0,expelled from the Ember Tent for a brawl
quill,septima,-30,0,0,
septima,fenna,-30,0,0,the Vigil blames the Strays first
septima,dace,-30,0,0,the Vigil blames the Strays first
ophel,sadruba,-20,0,0,the Ember Tent won the last Games
kesh,venno,20,0,0,trades through the grille
