old	new	committed	subject
1e9de1c48449817a4f5506c9a42d0240a6b64e9e	1e9de1c48449817a4f5506c9a42d0240a6b64e9e	2026-10-01T23:46:39+02:00	docs: Mage Arena plan, design baseline and objective review
cd29a215e14d1b96e953a602917f88b03ee65b11	5b191738ebbc482328e41dc82f85940f67fe1838	2026-10-01T23:58:08+02:00	W0: reconcile season design and generate traceable golden nights
2494ab97076071f0aa4920e036425c1f4d3fcaad	13256c6f785500183c0c297dd7a04d9cc7aa1997	2026-10-02T00:08:42+02:00	W2: build deterministic arena kernel and mouse keyboard proving ground
2126f5795ba7f5aea4c356dc3a4a53bcdf81dacd	6fed61fe648487560e7ddf2120323e3fb8090d6f	2026-10-02T00:25:27+02:00	W3: implement Water lines Flow branches and composition practice
ed68388b1772e46debffe1b36358852da1b89028	9edf2a567fe3b55eb59d0668a63fe832a0b06843	2026-10-02T00:32:13+02:00	art: deliver A1 style exploration and guarded generation pipeline
4b21c5718af9fb53ded2b7a62eab06048f320542	cc4293b4b07e6b5bcf85ad22203758261a78a4e0	2026-10-02T01:06:53+02:00	W4: add enemy roster shared-kernel mage AI and seeded Tiro Games
603b9adee4f7d63362cd0dcd180448efd71500a4	603b9adee4f7d63362cd0dcd180448efd71500a4	2026-10-02T01:21:08+02:00	docs: owner chose Tessera and Lime, Diablo/PoE arena camera, waves A1b and W4b
c5deafe2f9ef9e0d95c8f4f65295d9bcec527536	eb52b4a2cf7eabc038135ee7c973d335b3138764	2026-10-02T01:21:08+02:00	art: owner choice recorded (Tessera and Lime), cap 180
90b31e492c1e5a923fb7dd8e29f3d71fa57161a9	48f443b62a3051ec3f8ad7afe057c3dd10740129	2026-10-02T01:21:16+02:00	art: resolve plan merge, keep art status row
4c7256cfef13926a7917ea5a2881ba80bcee8c8f	ec1359eff12dbc305307c119c9c68d42ae4f112a	2026-10-02T08:38:48+02:00	W1: add guarded Director harness and preserve interrupted soak evidence
2833a30a51b86b7c82a6b430572809594f87ae27	98780f479fd10acba2ae01af63fd7974d191f877	2026-10-02T09:05:23+02:00	W0: close Fable review defects and strengthen generated design checks
565fc6cd211d9cbd0e444cc7d78b24f74cde360c	7fee98eed1f340157a9c6fa7a5fc2c32bf76b0b0	2026-10-02T09:15:39+02:00	art(A1b): deliver distant camera comparisons and scale contract
8c846b77f550c1ce4d3c1f3bb68d86e44c46af77	d85cb2bba7df0885c962e3ba31edcc46ae33db96	2026-10-02T09:28:36+02:00	art(A2): deliver sixteen cast portraits with six expressions each
2300a103f6e30df6c3fab7974d528a3a26dab1a4	b53fb5df0e15d7e823c635cf3263ffd1411733d7	2026-10-02T10:11:38+02:00	art(A4): deliver camp slots, backdrops and Hollow Board assets
0d50591c0510dfea6921f5b3cef87155dc11fc32	0e94d3925339e02f34f0340a753eda3794c79fb7	2026-10-02T10:13:58+02:00	art(A5): deliver native icons, spell mappings and distant-camera HUD
27a74fb41323290685409e5f147c2af9b375805e	30b37779c4945544f20475e83cae994ace9be09d	2026-10-02T12:46:46+02:00	W1b: complete preserved soak, character diagnostic and cost audit
db71a419327a3da220f88e931de56a82b75c8059	db71a419327a3da220f88e931de56a82b75c8059	2026-10-02T12:57:44+02:00	docs: camera confirmed, A3 and W4b unblocked
c26d0024dc4ded69a92f76ce1b3e3b8583e73214	180122800befe9ebce9443bfb8724a4839a26e79	2026-10-02T12:57:44+02:00	art: owner confirms arena camera (open-oval-sparse-near-a01), A3 unblocked
cb061116edbe331c773b39a190bfc96e1540b088	4a357e5ec9a8f524beb13f605345b7c74d0df170	2026-10-02T12:57:48+02:00	Merge branch 'main' into arena
35217b2387b573f029f3dca96ddeba4e45df597c	35217b2387b573f029f3dca96ddeba4e45df597c	2026-10-02T12:57:59+02:00	docs: camera angle is oblique, not 90 degrees
73ef5f16eb7abba0c8cfa75fcd699f3dc15fa15c	6c60ad5268696aba93ea7edd686154d74b301858	2026-10-02T12:57:59+02:00	art: camera is oblique, not 90 degree top-down (owner)
2598339b0c893becdf94ede7fffe6e795b2cdd79	bec6ebe88c1183a957953ab9f4eab4c05548d4a2	2026-10-02T12:57:59+02:00	merge: art assets and camera decision into arena
ab4873d7e0c6561a9fd56afaaf41b629ee4563e5	33e4089b1a696b0d2e179390185aa24b9da03e67	2026-10-02T12:58:15+02:00	Merge branch 'main' into arena
68a4d68d315856c89339d331ac0db7f4784d566f	baeac6641790dcf526ec6d3bde35985553f84028	2026-10-02T13:48:12+02:00	W4b: implement confirmed oblique camera and ground-plane aiming
9c3c7ff8dcd16ac2df8c77d3dbadeee4ffb78b39	61afa176482974aea9477d36e79125f7cb2ad3ff	2026-10-02T14:02:33+02:00	art(A3): deliver partial oblique poses and effects with spend latch intact
d18ef80918a5bf1a2d9cec26828d264b206d6cf4	a725ac61c81772d6c779d542690c5b86d457e52b	2026-10-02T14:22:18+02:00	W5: deliver playable camp scenes, accepted art and bounded Director nights
c464f169bbb8abfb4bedcce53450bb8c618f67a9	dc060769963ef360c1c92242654ed4bde623b2ca	2026-10-02T15:09:30+02:00	W6: add Knowing-gated Parley, authored cards and audited injection evidence
ff996073cf0d4c7e7c05c92b65a1a7bcf339aa5f	741f1b618625f8fe85c491b29d7a7e67a0dc47eb	2026-10-02T15:14:25+02:00	W7: document pinned integration, merge resolutions and save gates
be341a175bc5fff937f93c9507c7dbfc96ae3cb2	d28dcdf050f5c019507ef1b46e33bed1dda8772e	2026-10-02T15:33:16+02:00	art: clear moderation latch, cap 240, plan section n
4d1c96d4a6c0427aa051512e3617b9932b169345	4d1c96d4a6c0427aa051512e3617b9932b169345	2026-10-02T15:33:28+02:00	docs: character and arena identity reset (D12-D15), wave A6
de0cf8f56a7ea7b36841472875473ebb23ad702f	cbbd228c410bf907761dc985ae52d13027a0f8bc	2026-10-02T15:33:28+02:00	art: plan section n
53b49b56267dcc02e7b2c4a92d2374017157e5e0	9a50956dfcee25de1d7dd2a6b452ced7f52ed59e	2026-10-02T15:59:23+02:00	W7 merge: unify camp and arena workspace and scene lifecycles
c9168a194de2cf2d353accf27faabfc9d1846819	dd8eb67cb9c7fdab863d883196ce6db75ff20aa4	2026-10-02T16:28:15+02:00	W7 season: wire two weeks, Trials, replayed Games receipts and menu
8ac55e6c017b62ad36f09bc85abfbf611914cbd0	557d3ee7808102afafe641ec196538b090368a89	2026-10-02T16:48:28+02:00	W7 pacing: pass all four 2000-fight bands through approach and spacing
6ddc5f394db9b6b80cf0661b482bad773aab9c1f	ea965ef74f76e074adc4f938e44a61287de46c09	2026-10-02T16:56:59+02:00	W7 save: validated atomic checkpoints and exact continuation across pending work
3255592ac50613f432096d4bd3c1c8b4eaeb2833	a64ba1e7afd61d2eab68a0004ec4502b93e5d468	2026-10-02T17:47:02+02:00	art(A6): deliver magical identity comparison for owner review
ffe3ad9caccd25598d512e157b0153e25a61a1aa	3a131a0e08cfb6cca786ac82c9e2d1be04fb1f69	2026-10-02T18:35:27+02:00	W7 soak: validate production season, hardened saves and owner handoff
7a37bdf5de038266bf2232aa8f2d46a06e26b84c	7a37bdf5de038266bf2232aa8f2d46a06e26b84c	2026-10-02T20:33:00+02:00	docs: art direction v3 (Covenant family), far camera, UI as art, provider fallback
22e72451c9c52fbcafb11f2e128d389054e8f045	6fd4fc07b038ebcc6a52e644b38023da5c9a207c	2026-10-02T20:33:00+02:00	art: owner choice v3, Covenant family
f62dd89f2edb23488ed17eb90a04bc0386f566bb	ebb7fc6b18629b2bffeabdb76c43741829b6231d	2026-10-02T20:37:55+02:00	U1 camera: distant fixed view with soft edge follow
06cd5e4c2dc7c086343f2e24e843852b69d7ba4c	0fe108b50f3f8067562dea87a66a83796d2f2004	2026-10-02T20:39:54+02:00	art(A5b): publish Covenant canvas UI loading contract early
b94f7d5f267778aac634f32930010fff88f13d6a	b94f7d5f267778aac634f32930010fff88f13d6a	2026-10-02T20:43:36+02:00	docs: provider ledger, agy probe measured
a0c77b76ca8cedb68853c44cb0878c1c43add0c7	49bfbac2a171f785acaa37ec1717966aa157735b	2026-10-02T20:43:45+02:00	art: plan D20 and provider ledger
ac95883aa1312e89dcb17e20b16dcecaa3ca4a46	3fb264d78bfa1d20c3f1385c104e871070a310e7	2026-10-02T20:48:13+02:00	U1 framework: canvas kit, bitmap type and art atlas contract
ea053a26e4a5228bcee731097bec64bf12c40a04	ea053a26e4a5228bcee731097bec64bf12c40a04	2026-10-02T20:58:38+02:00	docs: audio direction (D21-D24), waves AU1-AU4
e1bc2ef60752e9fe10c7e7f7fbf72b005281f0b0	e1bc2ef60752e9fe10c7e7f7fbf72b005281f0b0	2026-10-02T21:02:00+02:00	docs: audio proof report requirement
67edc024c882e38ac50c0f9deb4f9941383044c6	b8991e996eec8be65a9a4aaf3d823b8b77d6238f	2026-10-02T21:04:21+02:00	art(A7): establish Covenant bible, far camera and guarded palette providers
f99c302b779d77e1c71a8de11a2dc7de6e5c530f	445a11a4e6895c8e85195f91cdc47dc97171c58d	2026-10-02T21:14:00+02:00	U1 screens: rebuild the season and arena as a full canvas game
a11db15fa347d3f18fbd6687221c6fc853430b18	91e2e00d257ea1dfc249ac7ad15a0545eff39422	2026-10-02T21:35:52+02:00	AU1: audio philosophy and partial proof audition with billing stop
b81de34acf0db930d7db3ee66c66a3f5c471dcb4	989ae6bd684a709d52cb4620705a8d5e06278ce6	2026-10-02T21:46:38+02:00	U1 TV: complete controller navigation and native-resolution evidence
67837daa270a0aab7d4236d033e79b1f15a92dd6	95ec525a959eff584520fb5d05dad5787e87e2e5	2026-10-02T21:51:26+02:00	art(A3c): deliver far-camera roster candidates, effects and six composite proofs
9d291b349fd2ea5aaf257091a83ae447948c6565	78dd933fbc4decd14bd70005d8f5d9e66fab68a2	2026-10-02T22:20:23+02:00	art(A5b): deliver Covenant canvas atlases, states, typography and loader proofs
5e79848a2913b63bdb31257c86aca4848f92b0c5	deb0489493a14d42df5fd3607551eb3ee92197b7	2026-10-02T22:44:42+02:00	art(A4c): deliver Covenant camp slots, backdrops and Hollow Board
6c8055521d90bdd64d3662c427c15a80e964345a	85781646bf2d7691821d04113663e85a620160e0	2026-10-02T23:25:07+02:00	AU1: smaller audio audition and investment evidence under 4000-credit cap
d619258754f9b84388da5a7c55d3997feda7d034	6af1273d41c4b4cf2b3ee1122d815406a074da5b	2026-10-02T23:29:21+02:00	art(A2c): deliver Moonchalk cast, expressions and Covenant handoff
c8ebe6ac89e5bdc60b4414096995e02e0bd85771	deb539562eec9ab0e068d8acfd2bb8608aaa7c71	2026-10-03T00:39:12+02:00	audio: owner triage of round 1 recorded
9c34091db01a63d24acea30e850a0420e9debfea	83e72b1a21bc85631be1345fa70d959f24606e2d	2026-10-03T00:45:53+02:00	U2 assets: merge Covenant delivery and verify runtime asset boundary
9e6ea1f7aadc168dd0b53ca319e14ace8d15129d	bab6d4f3cbda39703dac2179bad0cf28411395e8	2026-10-03T00:55:14+02:00	U2 UI: apply Covenant atlas, typography and independent focus states
6ffee769f7b7e54cf36d69d9630ddfe72147f953	a06e474318b1a4172fc31496e0c657f5e47b7c1a	2026-10-03T00:59:15+02:00	U2 arena: Covenant palettes, sorted props and guarded effects
1c8a3e62c273997339f3593273851275e461f7d2	bd693f11de7e9d30ca27ba892d34dd2e747fc15f	2026-10-03T01:03:59+02:00	U2 camp: Covenant places, illustrated stories and Moonchalk cast
9a76e12c92013c533d5ed0ac14d9939f4e211524	c338681c6b714c55ade45ec19c750d1e12f1c0a8	2026-10-03T01:31:12+02:00	Complete AU2 audio refinement audition and cost evidence
c44bf561d28c590df4e1994e5b445c579ffd6b74	2e1294848f8192a3e492585f8c7a87aee0acbcd1	2026-10-03T01:48:25+02:00	U2 polish: finish art feedback and verify all screens, fallbacks and performance
e61577003606b55017f02577feb05629fb43b66d	e61577003606b55017f02577feb05629fb43b66d	2026-10-03T13:19:29+02:00	docs: owner review of U2 and audio round 2 (D25-D30), waves A8-A11, U3, AU4, AU2b
73048e61d310b96ffd65ff5a2d6370d7e944f03c	d0fec42ba9cae5758163df5ca1b4e3cdad0454e3	2026-10-03T13:19:30+02:00	audio: owner triage of round 2 recorded
8c7143dceb8e48f52727f56bd477028dfd102c2b	ae50d7376b1b7a93fee442d875886095cd6441bb	2026-10-03T13:19:30+02:00	docs: plan section q
a7a035157539223d78a9a90c4036d235fe3f1a4e	951cf3369c93f346ea91e1d71707b9e0954d269a	2026-10-03T13:29:42+02:00	U3a: replace camp slots with data-driven hours and free travel
b7343327d4e5112f9fdbace475535a82a09c1429	8d3888f5530abe7574f773aa5c35a7c753d72aa1	2026-10-03T13:42:08+02:00	U3b: render the camp hour dial, stat icons and name-only places
23e00032044e8de49f52e64375ef6a1b1bed1293	47bd2e3fc9305dc7ef3a9507249be60002eba934	2026-10-03T13:47:14+02:00	audio: deliver AU2b audition and AU3 full-track preparation
e28435bc17404d99a0d4340bfd08bb884e6b0a06	8f27f1894474bb7892aff82bc5da4705fad82765	2026-10-03T13:56:04+02:00	art(A8): deliver Covenant animated spell families and absorb membrane
61d63d838280664c59d7b3d54a2be8693dd5dc11	938dc335eed294bf463f49d75fae7bdd88c66d68	2026-10-03T14:05:39+02:00	AU4: integrate kept audio with adaptive mixing and effect calming
fd8b3105b32dd3690987d1204cd0a480772b680d	3ca6247950f4f0f182ce16c7ccde885dc89bf139	2026-10-03T14:40:24+02:00	art(A9): restore native arena materials and explicit three-palette layout
f18ea88ab06d520bf079e7e2ae9c8980f73e3058	9ced907224b4ad243707045b585c72e65d9e398d	2026-10-03T16:23:59+02:00	art(A10): deliver gated directional atlas candidates and explicit animation backlog
adc465fb6afe10c61b7ef081dad732c8a484c443	77e04798b48b221ff4c2ceabb59ea201712e6a93	2026-10-03T16:50:09+02:00	art(A11): add Tideglass and stat design extension with blocked generation handoff
f000c26ce38073cee7b0ec40280a8f41653c5eba	d0e42e5d6a581826859552e75dfc98f78a71d1e6	2026-10-03T17:07:19+02:00	art: provider caps raised for A12
b318fca069210cb58f90be59a8ac6c077629b711	a7675dd9ee082814b1e71c07291225c8b5b3cc20	2026-10-03T17:11:35+02:00	U4 assets: import hash-bound A8 A10 and A11 deliveries
d041397bb02c230da592e72c7c201ea186aee5b6	a3333962a14d9041b1c507089a7665ac028a687b	2026-10-03T17:19:22+02:00	U4 effects: play pooled A8 clips from combat presentation events
b19c9aa5bbe269a03333834532cdf403b5f76a72	70c9b01e32e2c1b894744943499d753136a36ede	2026-10-03T17:22:55+02:00	U4 characters: animate A10 bodies with explicit identity-safe fallbacks
7a9c71c07ef3ea59afc730457656c2b71947da98	0cf9b0a114107987e456fc0f5f97381ba0527aef	2026-10-03T17:25:59+02:00	U4 camp: wire A11 Tideglass layers and header stat icons
ddb6acec14e02474d6d93391941f071553361afa	4a60a71940679da79726d6e9dd3e7bf1c7995be0	2026-10-03T17:56:46+02:00	U4 polish: pack and unload atlases, verify motion performance and unchanged gameplay
5ae167a5f2fd66f627df4efd50f0bae1752b9023	d7324ea2e3330521c14dabbd4a464ae3a69b91c0	2026-10-03T18:38:58+02:00	art: deliver A12 coherent arena plates and repair provider audit
e190f8d60853f0f8acdf546a127e7fb77d5463f7	e190f8d60853f0f8acdf546a127e7fb77d5463f7	2026-10-03T23:27:41+02:00	docs: owner review (D31-D34), waves U5, CF1, CF2, A13
72d0fb770f353e22ede02e8571cf7ae1d9aec93e	a009284b3cfd282e9408bd37aedca4156d3812e6	2026-10-03T23:47:21+02:00	U5: wire compact A12 arenas and enlarge combat figures
cd27240b74bd4e54230ad835ac075a4c1b5e8147	480549249dc04c8d73f0519a597a63ef36b890f4	2026-10-04T00:23:13+02:00	CF1: ship canvas Combat Feel Lab and owner start guide
b109748c3b643c59c997bca4706b8ea5b38c597c	e26d4928999d66adde9c74e2bf19397a89a6f2ff	2026-10-04T00:31:58+02:00	art: deliver A13 painted rune sigils and animated telegraphs
c347b86debc12437233ae1fde4743d0327050a4f	0d2e5f8bcbe80fd742ed5a4c839c4f3fbd8d6a95	2026-10-04T00:45:25+02:00	CF2: add combat commitments impact feedback and measured pacing
a7964ad93d8a7b2835d0e1caaba553fdc4e9f253	a7964ad93d8a7b2835d0e1caaba553fdc4e9f253	2026-10-04T11:14:01+02:00	docs: owner review (D35-D39), waves U6, H1, U6b, A14, AU3
8908c10144418db22be3e278318fd64b4fcb3788	5748c8338d9f4ad950be803c01ce10fe6f89811b	2026-10-04T11:14:02+02:00	art: caps raised for A14
7e7a9ed8420ac5b88772b1db062785b4c20b4733	e928f8cc09f9fe5710145c13c927f2a0fd1feb8d	2026-10-04T11:26:31+02:00	audio: produce AU3 Reed oath full score and guarded production pipeline
3b304b87b00d3b30988eabcfdb2bfa30d37c4f9a	ef67fabf22131c6db53cad33bbc7f6d32c614931	2026-10-04T11:31:00+02:00	audio: produce AU3 Lyre under iron and close generation within budget
8e8ab42a722afe0a681911fffd9655ba583afc36	9db9ee07c92e8cc8562247f806b5975aac76f0e2	2026-10-04T11:39:52+02:00	audio: deliver AU3 round 4 review, measured proof and engine handoff
5f5c14911566eb37509aca7d6c6fe62e4f5c89b4	dde5f2f50d422398f6b4edddbb20acbd5bce2f4a	2026-10-04T11:53:14+02:00	U6: wire painted sigils and complete native screen pass
3c4f4a94ad3eb816617ba396eee80757ee300b85	615e72836daf4a65d5e10f3ee90587a6abea9a6e	2026-10-04T12:01:06+02:00	art(A14.1): deliver gated hit and collapse clips with explicit provider-blocked remainder
74b3d56527bc0b8dac64e09f2f8beec3a0f31273	70cd1dffd791db8df20cea8787352920e8c0a495	2026-10-04T12:08:38+02:00	art(A14.2): audit inherited gaits and record provider-blocked clip queue
7914632fbe79202d180cbf6dca47762be3b6af73	3e349a4fe85acaeb8027678090dd937bc188bcfb	2026-10-04T12:18:26+02:00	H1: damage stagger, visible struggle and persistent defeated bodies
47c185603cc1f34a2238ec314bd195947a071650	8aa0f33b071fba9008bf8f6af4547e8733d2fbdf	2026-10-04T12:43:40+02:00	U6b: integrate delivered A14 reactions and full AU3 arena tracks
e90992ef3f5ce3ce7b4ef87fb094be519e564fdb	c790493b1f5f2bb1bc40d2391d5385dfb2b88694	2026-10-04T16:42:51+02:00	art: finish Garran rear defeat clips and recover agy for session 10
da3ac66d9cb6f1fe209c747ccd7e29e672df2786	faf9ee693a281397ae0622ab8c0df338b6b1715b	2026-10-04T17:11:54+02:00	art: deliver gated creature defeat and reaction candidates
82f5bc403d59c7f33daffaec1fa17accbc45302c	8865c1d66d3ebae2b8f8878effeb2e566ea665a7	2026-10-04T17:53:49+02:00	art: finish budgeted A14 motion candidates and session 10 handoff
df6587ac11ed20c41a5fee8688d49f034abcfe26	4d0c06e864ff8eaa64e1a7ebc785f86c096c7480	2026-10-04T21:52:14+02:00	U6c.1 import A14.3 delivery with verified additive clips
420d1cc9d644082e42dbacb116c50c7f55d7fedd	a3d7078a7df4eee7d3fd873e6b33d566cfd98097	2026-10-04T21:59:36+02:00	U6c.2 use paired corpses and add creature reaction targets
d5c626ffe82a9837d03fcfceb32dc50731f6e88d	a1eb8bdb1110f428d90285fef8a9b137e0d26b7d	2026-10-04T22:10:20+02:00	U6c.3 wire extra motion and creature attack presentation
b1efd464d534f1c491d1cd8128b0a432c8f9554e	1ccfd04302c6163503aa3940ce1244c120f5e75a	2026-10-04T22:31:35+02:00	U6c.4 verify native reactions, performance and unchanged simulation
134c25631d7e84a5bd5d79be963d2d9724fa18c5	134c25631d7e84a5bd5d79be963d2d9724fa18c5	2026-10-07T16:15:28+02:00	docs: structured campaign and gameplay export (docs/campaign, docs/gameplay)
